mode,threads,images,size,wall_s,img_per_s,peak_mb,accuracy,precision,recall,f1,sum_load_ms,sum_resize_ms,sum_denoise_ms,sum_enhance_ms,sum_segment_ms,sum_roi_ms,sum_features_ms
seq,1,1000,512,6.21739,160.839,5280,0.679,0.67968,0.998529,0.808815,1307.95,412.235,553.748,372.015,1171.82,2020.7,378.008
seq,1,1000,512,6.22243,160.709,6016,0.679,0.67968,0.998529,0.808815,1310.73,412.156,554.166,372.086,1172.59,2021.88,377.879
seq,1,1000,512,6.23374,160.417,7584,0.679,0.67968,0.998529,0.808815,1315.02,413.483,554.319,372.291,1173.47,2026.15,378.015
omp_images,1,1000,512,6.30774,158.535,7952,0.679,0.67968,0.998529,0.808815,1351.18,421.879,524.374,376.414,1186.96,2062.52,382.723
omp_images,1,1000,512,6.25539,159.862,7488,0.679,0.67968,0.998529,0.808815,1329.36,417.179,522.004,378.262,1184.02,2041.26,381.901
omp_images,1,1000,512,6.21219,160.974,7712,0.679,0.67968,0.998529,0.808815,1303.03,415.387,522.314,376.258,1179.67,2033.78,380.349
omp_images,2,1000,512,3.0879,323.845,8400,0.679,0.67968,0.998529,0.808815,1270.46,407.964,541.884,374.042,1179.93,2017.86,378.367
omp_images,2,1000,512,3.07727,324.963,8928,0.679,0.67968,0.998529,0.808815,1274.57,409.342,519.58,374.022,1174.17,2018.46,378.218
omp_images,2,1000,512,3.08958,323.669,8416,0.679,0.67968,0.998529,0.808815,1271.81,408.32,547.008,373.998,1175.51,2018.29,377.919
omp_images,4,1000,512,1.83637,544.552,13616,0.679,0.67968,0.998529,0.808815,1509.63,482.441,637.776,443.739,1410.14,2393.19,448.649
omp_images,4,1000,512,2.22156,450.135,20592,0.679,0.67968,0.998529,0.808815,2011.57,704.586,755.657,537.756,1562.37,2754.41,539.169
omp_images,4,1000,512,1.9981,500.477,16896,0.679,0.67968,0.998529,0.808815,1650.72,545.718,724.989,481.752,1509.47,2578.14,488.028
omp_images,8,1000,512,1.35946,735.586,30352,0.679,0.67968,0.998529,0.808815,2441.45,1132.34,898.575,749.303,1732.98,3179.26,689.469
omp_images,8,1000,512,1.46107,684.432,25936,0.679,0.67968,0.998529,0.808815,2849.09,1079.53,976.726,800.413,1868.6,3391.14,686.566
omp_images,8,1000,512,1.9649,508.933,29072,0.679,0.67968,0.998529,0.808815,3668,1541.31,1387.54,936.793,2471.56,4790.13,883.724
omp_images,10,1000,512,2.01434,496.44,30448,0.679,0.67968,0.998529,0.808815,4967.73,1846.95,1931.93,1258.61,3393.2,5553.68,1132.36
omp_images,10,1000,512,1.42832,700.122,29248,0.679,0.67968,0.998529,0.808815,3293.59,1364.79,1220.15,895.038,2269.38,4290.55,894.277
omp_images,10,1000,512,1.20711,828.422,32720,0.679,0.67968,0.998529,0.808815,2642.68,1091.82,1068.18,766.251,1937.79,3755.28,744.994
omp_pixels,1,1000,512,7.76064,128.855,7680,0.679,0.67968,0.998529,0.808815,1418.85,597.507,1028.89,628.653,1535.6,2149.35,398.578
omp_pixels,1,1000,512,7.76306,128.815,7696,0.679,0.67968,0.998529,0.808815,1423.17,595.33,1021.92,630.937,1532.45,2163.94,392.911
omp_pixels,1,1000,512,7.45768,134.09,6896,0.679,0.67968,0.998529,0.808815,1344.08,573.257,997.414,606.575,1492.88,2057.17,384.519
omp_pixels,2,1000,512,5.8096,172.129,8176,0.679,0.67968,0.998529,0.808815,1395.76,331.707,555.128,356.263,838.492,2109.03,220.614
omp_pixels,2,1000,512,5.54644,180.296,7296,0.679,0.67968,0.998529,0.808815,1327.24,306.379,522.177,338.895,804.147,2039.75,206.09
omp_pixels,2,1000,512,5.59756,178.649,7792,0.679,0.67968,0.998529,0.808815,1329.12,312.013,527.582,342.873,816.876,2056.79,210.534
omp_pixels,4,1000,512,4.56367,219.122,6944,0.679,0.67968,0.998529,0.808815,1300,176.622,288.3,195.489,454.134,2030.91,116.792
omp_pixels,4,1000,512,4.50168,222.139,6112,0.679,0.67968,0.998529,0.808815,1279.47,170.906,280.725,191.32,447.184,2018.39,112.528
omp_pixels,4,1000,512,4.58036,218.323,7888,0.679,0.67968,0.998529,0.808815,1298.97,180.758,294.136,197.364,454.646,2034.17,118.936
omp_pixels,8,1000,512,4.55437,219.569,7776,0.679,0.67968,0.998529,0.808815,1322.55,175.788,249.732,226.637,350.828,2062.6,164.824
omp_pixels,8,1000,512,4.55417,219.579,7568,0.679,0.67968,0.998529,0.808815,1327.47,177.203,253.334,226.555,347.242,2054.07,166.523
omp_pixels,8,1000,512,4.50842,221.807,7072,0.679,0.67968,0.998529,0.808815,1311.43,176.788,248.511,224.282,341.14,2041.19,163.738
omp_pixels,10,1000,512,4.53903,220.311,7680,0.679,0.67968,0.998529,0.808815,1301.37,178.716,251.378,230.959,358.693,2042.72,173.696
omp_pixels,10,1000,512,4.5519,219.689,7536,0.679,0.67968,0.998529,0.808815,1305.23,175.836,255.407,233.613,363.283,2045.75,171.35
omp_pixels,10,1000,512,4.60283,217.257,8048,0.679,0.67968,0.998529,0.808815,1314.77,182.473,258.016,242.226,367.699,2059.41,176.521
